index,title,url
0,1500cals,https://1500cals.com
1,Amba - Health and Wellbeing,https://www.amba.co
2,Basecamp,https://basecamp.com
3,BeerMenus,https://www.beermenus.com
4,Buzzsprout,https://buzzsprout.com
5,Cital,https://www.cital.store
6,Context Travel,https://www.contexttravel.com
7,Daily Log,https://dailylog.ing
8,Enjoy Kitchen,https://enjoykitchen.mx
9,Hauling Buddies,https://haulingbuddies.com
10,HEY Calendar,https://www.hey.com/calendar
11,HEY Email,https://www.hey.com
12,"Malo - Bébé, Enfant, Parent",https://bonjourmalo.fr
13,Move,https://m0ve.app
14,MxU,https://getmxu.com
15,myRent,https://myrent.co.nz
16,OM App: Partnered Meditation,https://instituteofom.com
17,OneTribe,https://onetribe.team
18,PieHoled,https://pieholedapp.com
19,Plant Journal - Ploi,https://ploi.me/
20,PLT4M,https://plt4m.com/
21,Poll Everywhere,https://polleverywhere.com
22,RailsDevs,https://railsdevs.com
23,Sensor Dashboard,https://sensor-dashboard.dev-box.ch/
24,SleepHQ,https://sleephq.com
25,SporticalApp,https://www.sportical.app
26,StepStreak,https://stepstreak.xyz
27,Swiss Equestrian,https://www.swiss-equestrian.ch/de/Sport/An-Turnieren-teilnehmen/Mobile-App/Mobile-App.html
28,Uppercase,https://www.uppercaseteach.com
29,Virtualtrails,https://virtualtrails.app
30,Wavclouds,https://www.wavclouds.com/
